<?xml version="1.0" encoding="UTF-8"?>
<beans xmlns="http://www.springframework.org/schema/beans"
	xmlns:xsi="http://www.w3.org/2001/XMLSchema-instance"
	xsi:schemaLocation="http://www.springframework.org/schema/beans https://www.springframework.org/schema/beans/spring-beans.xsd">
	
	<!-- Root Context: defines shared resources visible to all other web components -->
	<bean id="dataSource" 
			class="org.springframework.jdbc.datasource.DriverManagerDataSource">
		<property name="driverClassName" value="com.mysql.cj.jdbc.Driver"/>
		<property name="url" value="jdbc:mysql://songsama.ca25jvwkxg9x.us-west-1.rds.amazonaws.com:3306/songsama?useSSL=false"/>
		<property name="username" value="songsama"/>
		<property name="password" value="SD51262%sd"/>
	</bean>
	
	<bean id="sqlSessionFactory"
					class="org.mybatis.spring.SqlSessionFactoryBean">
		<property name="dataSource" ref="dataSource"/>
		<property name="typeAliasesPackage" value="com.ezen.carCamping.dto"/>
		<property name="mapperLocations" 
						value="classpath:com/ezen/carCamping/model/*.xml"/>					
	</bean>
	
	<bean id="sqlSession" class="org.mybatis.spring.SqlSessionTemplate">
		<constructor-arg name="sqlSessionFactory" ref="sqlSessionFactory"/>
	</bean>	
</beans>
